<?xml version="1.0"?>
<data grt_format="2.0">
  <value _ptr_="000002959D1F72A0" type="list" content-type="object" content-struct-name="db.mgmt.Connection">
    <value type="object" struct-name="db.mgmt.Connection" id="{F8561C91-4267-49CD-95C8-A3A2A93B09B3}" struct-checksum="0x96ba47d8">
      <link type="object" struct-name="db.mgmt.Driver" key="driver">com.mysql.rdbms.mysql.driver.native</link>
      <value type="string" key="hostIdentifier">Mysql@127.0.0.1:3306</value>
      <value type="int" key="isDefault">1</value>
      <value _ptr_="000002959E56E190" type="dict" key="modules"/>
      <value _ptr_="000002959E56EA30" type="dict" key="parameterValues">
        <value type="string" key="SQL_MODE"></value>
        <value type="string" key="hostName">127.0.0.1</value>
        <value type="int" key="lastConnected">1750615624</value>
        <value type="string" key="password"></value>
        <value type="int" key="port">3306</value>
        <value type="string" key="serverVersion">10.4.32-MariaDB</value>
        <value type="string" key="sslCA"></value>
        <value type="string" key="sslCert"></value>
        <value type="string" key="sslCipher"></value>
        <value type="string" key="sslKey"></value>
        <value type="int" key="useSSL">1</value>
        <value type="string" key="userName">root</value>
      </value>
      <value type="string" key="name">EspecializacionBD</value>
      <link type="object" struct-name="GrtObject" key="owner">{2B2D13BB-EEFD-43FF-BAD3-CDB2EA1FFA40}</link>
    </value>
  </value>
</data>
