<?xml version="1.0"?>
<data grt_format="2.0">
  <value _ptr_="000002959D1F79A0" type="list" content-type="object" content-struct-name="db.mgmt.ServerInstance">
    <value type="object" struct-name="db.mgmt.ServerInstance" id="{5196354F-EB3A-4D8D-A82B-82D2F9A599E5}" struct-checksum="0x367436e2">
      <link type="object" struct-name="db.mgmt.Connection" key="connection">{F8561C91-4267-49CD-95C8-A3A2A93B09B3}</link>
      <value _ptr_="000002959E56F510" type="dict" key="loginInfo">
        <value type="string" key="ssh.hostName"></value>
        <value type="string" key="ssh.key">C:\Users\carloscucalon\AppData\Roaming/.ssh/ssh_private_key</value>
        <value type="string" key="ssh.localPort">3306</value>
        <value type="int" key="ssh.useKey">0</value>
        <value type="string" key="ssh.userName">mysql</value>
      </value>
      <value _ptr_="000002959E56F630" type="dict" key="serverInfo">
        <value type="int" key="setupPending">1</value>
        <value type="int" key="windowsAdmin">1</value>
      </value>
      <value type="string" key="name">EspecializacionBD</value>
    </value>
  </value>
</data>
